id,first_name,last_name,email,gender,ip_address
1,Alberto,Clorley,aclorley0@apache.org,Male,61.13.209.142
2,Kenneth,Lankford,klankford1@lycos.com,Male,107.47.17.31
3,Lindi,McAtamney,lmcatamney2@columbia.edu,Female,224.21.230.85
4,Delcine,Nesey,dnesey3@examiner.com,Female,20.28.8.104
5,Selie,Kalinke,skalinke4@si.edu,Female,91.64.147.56
6,Veronike,Barrowcliffe,vbarrowcliffe5@usda.gov,Female,68.182.212.119
7,Melly,Deuss,mdeuss6@pbs.org,Female,171.94.249.14
8,Barn,Herety,bherety7@ocn.ne.jp,Male,0.189.141.129
9,Jenica,Hawkes,jhawkes8@hexun.com,Female,0.94.174.138
10,Ardisj,Brighty,abrighty9@mysql.com,Female,195.131.79.152
11,Derick,Crewes,dcrewesa@ted.com,Male,242.214.230.19
12,Nathanial,Panther,npantherb@linkedin.com,Male,118.206.202.112
13,Onida,MacCall,omaccallc@dot.gov,Female,66.58.252.127
14,Edvard,Webber,ewebberd@ted.com,Male,0.41.36.95
15,Arley,Roseburgh,aroseburghe@nasa.gov,Male,196.185.1.211
16,Mavra,Leighton,mleightonf@cmu.edu,Female,160.158.61.199
17,Temp,Kanzler,tkanzlerg@woothemes.com,Male,132.57.111.12
18,Esme,Jimes,ejimesh@elpais.com,Female,34.1.89.181
19,Maynard,Perks,mperksi@businessinsider.com,Male,97.178.242.35
20,Sherline,Marin,smarinj@flickr.com,Female,10.249.48.19
21,Bill,Pantecost,bpantecostk@blinklist.com,Female,211.120.206.150
22,Vikki,Karolewski,vkarolewskil@hhs.gov,Female,139.40.31.239
23,Colet,Norsister,cnorsisterm@acquirethisname.com,Male,85.102.63.249
24,Morie,Goosnell,mgoosnelln@simplemachines.org,Male,194.16.112.67
25,Courtnay,Caslake,ccaslakeo@tumblr.com,Male,48.49.120.107